event_id,date_key,event_type,event_group,entity_type,processing_status,error_code
1,20260105,document_uploaded,Document intake,document,success,
2,20260105,ai_extraction_completed,AI processing,ai_run,success,
3,20260105,human_review_submitted,Human review,case,,
4,20260105,case_created,Case lifecycle,case,Open,
5,20260105,summary_generated,AI assistance,case,success,
6,20260106,document_uploaded,Document intake,document,success,
7,20260106,ai_extraction_completed,AI processing,ai_run,success,
8,20260106,human_review_submitted,Human review,case,,
9,20260106,case_created,Case lifecycle,case,Open,
10,20260106,summary_generated,AI assistance,case,success,
11,20260106,document_uploaded,Document intake,document,success,
12,20260106,ai_extraction_completed,AI processing,ai_run,success,
13,20260106,human_review_submitted,Human review,case,,
14,20260106,case_created,Case lifecycle,case,Open,
15,20260106,summary_generated,AI assistance,case,success,
16,20260106,document_uploaded,Document intake,document,success,
17,20260106,ai_extraction_completed,AI processing,ai_run,success,
18,20260106,human_review_submitted,Human review,case,,
19,20260106,case_created,Case lifecycle,case,Open,
20,20260107,document_uploaded,Document intake,document,success,
21,20260107,ai_extraction_completed,AI processing,ai_run,success,
22,20260107,human_review_submitted,Human review,case,,
23,20260107,case_created,Case lifecycle,case,Awaiting information,
24,20260107,document_uploaded,Document intake,document,success,
25,20260107,ai_extraction_completed,AI processing,ai_run,success,
26,20260107,human_review_submitted,Human review,case,,
27,20260107,case_created,Case lifecycle,case,Open,
28,20260107,assistant_question,AI assistance,case,success,
29,20260107,document_uploaded,Document intake,document,error,
30,20260107,ai_extraction_failed,AI processing,ai_run,error,PARSE_ERROR
31,20260107,document_uploaded,Document intake,document,error,
32,20260107,ai_extraction_failed,AI processing,ai_run,error,PARSE_ERROR
33,20260108,document_uploaded,Document intake,document,error,
34,20260108,ai_extraction_failed,AI processing,ai_run,error,PARSE_ERROR
35,20260109,document_uploaded,Document intake,document,success,
36,20260109,ai_extraction_completed,AI processing,ai_run,success,
37,20260109,human_review_submitted,Human review,case,,
38,20260109,case_created,Case lifecycle,case,Open,
39,20260109,assistant_question,AI assistance,case,success,
40,20260109,document_uploaded,Document intake,document,error,
41,20260109,ai_extraction_failed,AI processing,ai_run,error,PARSE_ERROR
42,20260109,assistant_question,AI assistance,case,success,
43,20260109,document_uploaded,Document intake,document,success,
44,20260109,ai_extraction_completed,AI processing,ai_run,success,
45,20260109,human_review_submitted,Human review,case,,
46,20260109,case_created,Case lifecycle,case,Open,
47,20260109,summary_generated,AI assistance,case,success,
48,20260109,document_uploaded,Document intake,document,success,
49,20260109,ai_extraction_completed,AI processing,ai_run,success,
50,20260109,human_review_submitted,Human review,case,,
51,20260109,case_created,Case lifecycle,case,Awaiting information,
52,20260109,summary_generated,AI assistance,case,success,
53,20260110,document_uploaded,Document intake,document,success,
54,20260110,provider_fallback_used,AI processing,ai_run,,
55,20260110,ai_extraction_completed,AI processing,ai_run,success,
56,20260112,document_uploaded,Document intake,document,error,
57,20260112,ai_extraction_failed,AI processing,ai_run,error,AI_UNAVAILABLE
58,20260112,document_uploaded,Document intake,document,error,
59,20260112,ai_extraction_failed,AI processing,ai_run,error,PARSE_ERROR
60,20260112,document_uploaded,Document intake,document,success,
61,20260112,ai_extraction_completed,AI processing,ai_run,success,
62,20260112,human_review_submitted,Human review,case,,
63,20260112,case_created,Case lifecycle,case,Open,
64,20260112,summary_generated,AI assistance,case,success,
65,20260113,document_uploaded,Document intake,document,success,
66,20260113,ai_extraction_completed,AI processing,ai_run,success,
67,20260113,human_review_submitted,Human review,case,,
68,20260113,case_created,Case lifecycle,case,Awaiting information,
69,20260113,document_uploaded,Document intake,document,success,
70,20260113,ai_extraction_completed,AI processing,ai_run,success,
71,20260113,summary_generated,AI assistance,case,success,
72,20260114,document_uploaded,Document intake,document,rejected,
73,20260114,file_rejected,Input validation,document,rejected,FILE_TOO_LARGE
74,20260114,document_uploaded,Document intake,document,success,
75,20260114,ai_extraction_completed,AI processing,ai_run,success,
76,20260114,human_review_submitted,Human review,case,,
77,20260114,case_created,Case lifecycle,case,Open,
78,20260114,document_uploaded,Document intake,document,success,
79,20260114,ai_extraction_completed,AI processing,ai_run,success,
80,20260114,human_review_submitted,Human review,case,,
81,20260114,case_created,Case lifecycle,case,Open,
82,20260114,assistant_question,AI assistance,case,success,
83,20260114,summary_generated,AI assistance,case,success,
84,20260114,document_uploaded,Document intake,document,error,
85,20260114,ai_extraction_failed,AI processing,ai_run,error,PARSE_ERROR
86,20260116,document_uploaded,Document intake,document,success,
87,20260116,ai_extraction_completed,AI processing,ai_run,success,
88,20260116,document_uploaded,Document intake,document,error,
89,20260116,ai_extraction_failed,AI processing,ai_run,error,PARSE_ERROR
90,20260116,document_uploaded,Document intake,document,success,
91,20260116,ai_extraction_completed,AI processing,ai_run,success,
92,20260116,human_review_submitted,Human review,case,,
93,20260116,case_created,Case lifecycle,case,Open,
94,20260116,summary_generated,AI assistance,case,success,
95,20260116,document_uploaded,Document intake,document,success,
96,20260116,ai_extraction_completed,AI processing,ai_run,success,
97,20260116,human_review_submitted,Human review,case,,
98,20260116,case_created,Case lifecycle,case,Open,
99,20260116,summary_generated,AI assistance,case,success,
100,20260119,document_uploaded,Document intake,document,error,
101,20260119,ai_extraction_failed,AI processing,ai_run,error,PARSE_ERROR
102,20260119,document_uploaded,Document intake,document,success,
103,20260119,ai_extraction_completed,AI processing,ai_run,success,
104,20260119,human_review_submitted,Human review,case,,
105,20260119,case_created,Case lifecycle,case,Open,
106,20260119,document_uploaded,Document intake,document,success,
107,20260119,ai_extraction_completed,AI processing,ai_run,success,
108,20260119,human_review_submitted,Human review,case,,
109,20260119,case_created,Case lifecycle,case,Open,
110,20260120,document_uploaded,Document intake,document,success,
111,20260120,ai_extraction_completed,AI processing,ai_run,success,
112,20260120,human_review_submitted,Human review,case,,
113,20260120,case_created,Case lifecycle,case,Open,
114,20260120,assistant_question,AI assistance,case,success,
115,20260120,document_uploaded,Document intake,document,error,
116,20260120,ai_extraction_failed,AI processing,ai_run,error,PARSE_ERROR
117,20260121,document_uploaded,Document intake,document,success,
118,20260121,ai_extraction_completed,AI processing,ai_run,success,
119,20260121,human_review_submitted,Human review,case,,
120,20260121,case_created,Case lifecycle,case,Open,
121,20260121,document_uploaded,Document intake,document,error,
122,20260121,ai_extraction_failed,AI processing,ai_run,error,PARSE_ERROR
123,20260121,assistant_question,AI assistance,case,success,
124,20260121,document_uploaded,Document intake,document,success,
125,20260121,ai_extraction_completed,AI processing,ai_run,success,
126,20260121,human_review_submitted,Human review,case,,
127,20260121,case_created,Case lifecycle,case,Open,
128,20260121,summary_generated,AI assistance,case,success,
129,20260121,assistant_question,AI assistance,case,success,
130,20260122,document_uploaded,Document intake,document,success,
131,20260122,ai_extraction_completed,AI processing,ai_run,success,
132,20260122,human_review_submitted,Human review,case,,
133,20260122,case_created,Case lifecycle,case,Open,
134,20260122,summary_generated,AI assistance,case,success,
135,20260122,document_uploaded,Document intake,document,error,
136,20260122,ai_extraction_failed,AI processing,ai_run,error,PARSE_ERROR
137,20260122,document_uploaded,Document intake,document,success,
138,20260122,ai_extraction_completed,AI processing,ai_run,success,
139,20260122,human_review_submitted,Human review,case,,
140,20260122,case_created,Case lifecycle,case,Open,
141,20260122,summary_generated,AI assistance,case,success,
142,20260123,document_uploaded,Document intake,document,success,
143,20260123,ai_extraction_completed,AI processing,ai_run,success,
144,20260123,human_review_submitted,Human review,case,,
145,20260123,case_created,Case lifecycle,case,Open,
146,20260123,assistant_question,AI assistance,case,success,
147,20260123,assistant_question,AI assistance,case,success,
148,20260126,document_uploaded,Document intake,document,success,
149,20260126,ai_extraction_completed,AI processing,ai_run,success,
150,20260126,human_review_submitted,Human review,case,,
151,20260126,case_created,Case lifecycle,case,Open,
152,20260127,document_uploaded,Document intake,document,error,
153,20260127,ai_extraction_failed,AI processing,ai_run,error,PARSE_ERROR
154,20260127,document_uploaded,Document intake,document,success,
155,20260127,ai_extraction_completed,AI processing,ai_run,success,
156,20260127,human_review_submitted,Human review,case,,
157,20260127,case_created,Case lifecycle,case,Open,
158,20260127,summary_generated,AI assistance,case,success,
159,20260128,document_uploaded,Document intake,document,success,
160,20260128,ai_extraction_completed,AI processing,ai_run,success,
161,20260128,human_review_submitted,Human review,case,,
162,20260128,case_created,Case lifecycle,case,Open,
163,20260128,assistant_question,AI assistance,case,success,
164,20260128,assistant_question,AI assistance,case,success,
165,20260128,document_uploaded,Document intake,document,error,
166,20260128,ai_extraction_failed,AI processing,ai_run,error,AI_UNAVAILABLE
167,20260128,document_uploaded,Document intake,document,success,
168,20260128,ai_extraction_completed,AI processing,ai_run,success,
169,20260128,human_review_submitted,Human review,case,,
170,20260128,case_created,Case lifecycle,case,Open,
171,20260128,summary_generated,AI assistance,case,success,
172,20260129,document_uploaded,Document intake,document,error,
173,20260129,ai_extraction_failed,AI processing,ai_run,error,PARSE_ERROR
174,20260130,document_uploaded,Document intake,document,error,
175,20260130,ai_extraction_failed,AI processing,ai_run,error,PARSE_ERROR
176,20260130,document_uploaded,Document intake,document,error,
177,20260130,ai_extraction_failed,AI processing,ai_run,error,PARSE_ERROR
178,20260130,document_uploaded,Document intake,document,success,
179,20260130,ai_extraction_completed,AI processing,ai_run,success,
180,20260130,human_review_submitted,Human review,case,,
181,20260130,case_created,Case lifecycle,case,Open,
182,20260130,summary_generated,AI assistance,case,success,
183,20260131,document_uploaded,Document intake,document,success,
184,20260131,ai_extraction_completed,AI processing,ai_run,success,
185,20260203,document_uploaded,Document intake,document,success,
186,20260203,provider_fallback_used,AI processing,ai_run,,
187,20260203,ai_extraction_completed,AI processing,ai_run,success,
188,20260203,human_review_submitted,Human review,case,,
189,20260203,case_created,Case lifecycle,case,Open,
190,20260203,document_uploaded,Document intake,document,error,
191,20260203,ai_extraction_failed,AI processing,ai_run,error,PARSE_ERROR
192,20260203,document_uploaded,Document intake,document,error,
193,20260203,ai_extraction_failed,AI processing,ai_run,error,PARSE_ERROR
194,20260204,document_uploaded,Document intake,document,error,
195,20260204,ai_extraction_failed,AI processing,ai_run,error,PARSE_ERROR
196,20260204,document_uploaded,Document intake,document,success,
197,20260204,ai_extraction_completed,AI processing,ai_run,success,
198,20260204,human_review_submitted,Human review,case,,
199,20260204,case_created,Case lifecycle,case,Open,
200,20260204,summary_generated,AI assistance,case,success,
201,20260204,document_uploaded,Document intake,document,success,
202,20260204,ai_extraction_completed,AI processing,ai_run,success,
203,20260204,human_review_submitted,Human review,case,,
204,20260204,case_created,Case lifecycle,case,Open,
205,20260204,summary_generated,AI assistance,case,success,
206,20260205,document_uploaded,Document intake,document,success,
207,20260205,ai_extraction_completed,AI processing,ai_run,success,
208,20260205,human_review_submitted,Human review,case,,
209,20260205,case_created,Case lifecycle,case,Open,
210,20260205,assistant_question,AI assistance,case,success,
211,20260205,assistant_question,AI assistance,case,success,
212,20260205,document_uploaded,Document intake,document,rejected,
213,20260205,file_rejected,Input validation,document,rejected,UNSUPPORTED_FORMAT
214,20260205,document_uploaded,Document intake,document,rejected,
215,20260205,file_rejected,Input validation,document,rejected,FILE_TOO_LARGE
216,20260206,document_uploaded,Document intake,document,success,
217,20260206,provider_fallback_used,AI processing,ai_run,,
218,20260206,ai_extraction_completed,AI processing,ai_run,success,
219,20260206,human_review_submitted,Human review,case,,
220,20260206,case_created,Case lifecycle,case,Open,
221,20260206,document_uploaded,Document intake,document,success,
222,20260206,ai_extraction_completed,AI processing,ai_run,success,
223,20260206,human_review_submitted,Human review,case,,
224,20260206,case_created,Case lifecycle,case,Awaiting information,
225,20260206,document_uploaded,Document intake,document,error,
226,20260206,ai_extraction_failed,AI processing,ai_run,error,PARSE_ERROR
227,20260206,document_uploaded,Document intake,document,success,
228,20260206,ai_extraction_completed,AI processing,ai_run,success,
229,20260206,human_review_submitted,Human review,case,,
230,20260206,case_created,Case lifecycle,case,Open,
231,20260206,assistant_question,AI assistance,case,success,
232,20260206,document_uploaded,Document intake,document,success,
233,20260206,ai_extraction_completed,AI processing,ai_run,success,
234,20260206,human_review_submitted,Human review,case,,
235,20260206,case_created,Case lifecycle,case,Open,
236,20260206,assistant_question,AI assistance,case,success,
237,20260209,document_uploaded,Document intake,document,success,
238,20260209,ai_extraction_completed,AI processing,ai_run,success,
239,20260209,human_review_submitted,Human review,case,,
240,20260209,case_created,Case lifecycle,case,Open,
241,20260209,summary_generated,AI assistance,case,success,
242,20260209,document_uploaded,Document intake,document,error,
243,20260209,ai_extraction_failed,AI processing,ai_run,error,PARSE_ERROR
244,20260210,document_uploaded,Document intake,document,error,
245,20260210,ai_extraction_failed,AI processing,ai_run,error,PARSE_ERROR
246,20260210,document_uploaded,Document intake,document,error,
247,20260210,ai_extraction_failed,AI processing,ai_run,error,PARSE_ERROR
248,20260210,document_uploaded,Document intake,document,success,
249,20260210,ai_extraction_completed,AI processing,ai_run,success,
250,20260210,human_review_submitted,Human review,case,,
251,20260210,case_created,Case lifecycle,case,Open,
252,20260210,assistant_question,AI assistance,case,success,
253,20260210,assistant_question,AI assistance,case,success,
254,20260211,document_uploaded,Document intake,document,error,
255,20260211,ai_extraction_failed,AI processing,ai_run,error,PARSE_ERROR
256,20260212,document_uploaded,Document intake,document,error,
257,20260212,ai_extraction_failed,AI processing,ai_run,error,PARSE_ERROR
258,20260213,document_uploaded,Document intake,document,error,
259,20260213,ai_extraction_failed,AI processing,ai_run,error,PARSE_ERROR
260,20260213,document_uploaded,Document intake,document,success,
261,20260213,ai_extraction_completed,AI processing,ai_run,success,
262,20260213,human_review_submitted,Human review,case,,
263,20260213,case_created,Case lifecycle,case,Awaiting information,
264,20260215,case_updated,Human review,case,,
265,20260216,document_uploaded,Document intake,document,success,
266,20260216,ai_extraction_completed,AI processing,ai_run,success,
267,20260216,human_review_submitted,Human review,case,,
268,20260216,case_created,Case lifecycle,case,Open,
269,20260216,case_updated,Human review,case,,
270,20260216,document_uploaded,Document intake,document,success,
271,20260216,ai_extraction_completed,AI processing,ai_run,success,
272,20260216,human_review_submitted,Human review,case,,
273,20260216,case_created,Case lifecycle,case,Open,
274,20260216,summary_generated,AI assistance,case,success,
275,20260216,document_uploaded,Document intake,document,success,
276,20260216,ai_extraction_completed,AI processing,ai_run,success,
277,20260216,human_review_submitted,Human review,case,,
278,20260216,case_created,Case lifecycle,case,Awaiting information,
279,20260216,document_uploaded,Document intake,document,success,
280,20260216,ai_extraction_completed,AI processing,ai_run,success,
281,20260216,human_review_submitted,Human review,case,,
282,20260216,case_created,Case lifecycle,case,Open,
283,20260216,summary_generated,AI assistance,case,success,
284,20260216,summary_generated,AI assistance,case,success,
285,20260216,document_uploaded,Document intake,document,success,
286,20260216,ai_extraction_completed,AI processing,ai_run,success,
287,20260216,human_review_submitted,Human review,case,,
288,20260216,case_created,Case lifecycle,case,Open,
289,20260216,summary_generated,AI assistance,case,success,
290,20260217,document_uploaded,Document intake,document,success,
291,20260217,ai_extraction_completed,AI processing,ai_run,success,
292,20260217,human_review_submitted,Human review,case,,
293,20260217,case_created,Case lifecycle,case,Awaiting information,
294,20260217,document_uploaded,Document intake,document,success,
295,20260217,ai_extraction_completed,AI processing,ai_run,success,
296,20260217,human_review_submitted,Human review,case,,
297,20260217,case_created,Case lifecycle,case,Open,
298,20260217,summary_generated,AI assistance,case,success,
299,20260217,document_uploaded,Document intake,document,success,
300,20260217,ai_extraction_completed,AI processing,ai_run,success,
301,20260217,human_review_submitted,Human review,case,,
302,20260217,case_created,Case lifecycle,case,Open,
303,20260217,assistant_question,AI assistance,case,success,
304,20260217,summary_generated,AI assistance,case,success,
305,20260217,assistant_question,AI assistance,case,success,
306,20260217,document_uploaded,Document intake,document,success,
307,20260217,ai_extraction_completed,AI processing,ai_run,success,
308,20260217,human_review_submitted,Human review,case,,
309,20260217,case_created,Case lifecycle,case,Open,
310,20260217,summary_generated,AI assistance,case,success,
311,20260217,document_uploaded,Document intake,document,success,
312,20260217,ai_extraction_completed,AI processing,ai_run,success,
313,20260217,human_review_submitted,Human review,case,,
314,20260217,case_created,Case lifecycle,case,Open,
315,20260217,assistant_question,AI assistance,case,success,
316,20260217,assistant_question,AI assistance,case,success,
317,20260217,document_uploaded,Document intake,document,success,
318,20260217,ai_extraction_completed,AI processing,ai_run,success,
319,20260217,human_review_submitted,Human review,case,,
320,20260217,case_created,Case lifecycle,case,Open,
321,20260218,document_uploaded,Document intake,document,success,
322,20260218,ai_extraction_completed,AI processing,ai_run,success,
323,20260218,human_review_submitted,Human review,case,,
324,20260218,case_created,Case lifecycle,case,Open,
325,20260218,document_uploaded,Document intake,document,success,
326,20260218,ai_extraction_completed,AI processing,ai_run,success,
327,20260218,human_review_submitted,Human review,case,,
328,20260218,case_created,Case lifecycle,case,Open,
329,20260218,document_uploaded,Document intake,document,success,
330,20260218,ai_extraction_completed,AI processing,ai_run,success,
331,20260218,human_review_submitted,Human review,case,,
332,20260218,case_created,Case lifecycle,case,Awaiting information,
333,20260218,document_uploaded,Document intake,document,success,
334,20260218,ai_extraction_completed,AI processing,ai_run,success,
335,20260218,human_review_submitted,Human review,case,,
336,20260218,case_created,Case lifecycle,case,Open,
337,20260218,document_uploaded,Document intake,document,success,
338,20260218,ai_extraction_completed,AI processing,ai_run,success,
339,20260218,human_review_submitted,Human review,case,,
340,20260218,case_created,Case lifecycle,case,Open,
341,20260218,document_uploaded,Document intake,document,success,
342,20260218,provider_fallback_used,AI processing,ai_run,,
343,20260218,ai_extraction_completed,AI processing,ai_run,success,
344,20260218,human_review_submitted,Human review,case,,
345,20260218,case_created,Case lifecycle,case,Open,
346,20260218,summary_generated,AI assistance,case,success,
347,20260218,summary_generated,AI assistance,case,success,
348,20260218,document_uploaded,Document intake,document,success,
349,20260218,ai_extraction_completed,AI processing,ai_run,success,
350,20260218,human_review_submitted,Human review,case,,
351,20260218,case_created,Case lifecycle,case,Open,
352,20260218,summary_generated,AI assistance,case,success,
353,20260218,document_uploaded,Document intake,document,success,
354,20260218,ai_extraction_completed,AI processing,ai_run,success,
355,20260218,human_review_submitted,Human review,case,,
356,20260218,case_created,Case lifecycle,case,Open,
357,20260218,summary_generated,AI assistance,case,success,
358,20260218,document_uploaded,Document intake,document,success,
359,20260218,ai_extraction_completed,AI processing,ai_run,success,
360,20260218,human_review_submitted,Human review,case,,
361,20260218,case_created,Case lifecycle,case,Open,
362,20260218,assistant_question,AI assistance,case,success,
363,20260218,summary_generated,AI assistance,case,success,
364,20260218,assistant_question,AI assistance,case,success,
365,20260218,document_uploaded,Document intake,document,success,
366,20260218,ai_extraction_completed,AI processing,ai_run,success,
367,20260218,human_review_submitted,Human review,case,,
368,20260218,case_created,Case lifecycle,case,Open,
369,20260218,assistant_question,AI assistance,case,success,
370,20260218,document_uploaded,Document intake,document,success,
371,20260218,ai_extraction_completed,AI processing,ai_run,success,
372,20260218,human_review_submitted,Human review,case,,
373,20260218,case_created,Case lifecycle,case,Open,
374,20260218,document_uploaded,Document intake,document,success,
375,20260218,ai_extraction_completed,AI processing,ai_run,success,
376,20260218,human_review_submitted,Human review,case,,
377,20260218,case_created,Case lifecycle,case,Open,
378,20260219,document_uploaded,Document intake,document,success,
379,20260219,ai_extraction_completed,AI processing,ai_run,success,
380,20260219,human_review_submitted,Human review,case,,
381,20260219,case_created,Case lifecycle,case,Open,
382,20260219,document_uploaded,Document intake,document,success,
383,20260219,ai_extraction_completed,AI processing,ai_run,success,
384,20260219,human_review_submitted,Human review,case,,
385,20260219,case_created,Case lifecycle,case,Open,
386,20260219,assistant_question,AI assistance,case,success,
387,20260219,assistant_question,AI assistance,case,success,
388,20260219,document_uploaded,Document intake,document,success,
389,20260219,ai_extraction_completed,AI processing,ai_run,success,
390,20260219,human_review_submitted,Human review,case,,
391,20260219,case_created,Case lifecycle,case,Open,
392,20260219,document_uploaded,Document intake,document,success,
393,20260219,ai_extraction_completed,AI processing,ai_run,success,
394,20260219,human_review_submitted,Human review,case,,
395,20260219,case_created,Case lifecycle,case,Open,
396,20260219,document_uploaded,Document intake,document,success,
397,20260219,ai_extraction_completed,AI processing,ai_run,success,
398,20260219,human_review_submitted,Human review,case,,
399,20260219,case_created,Case lifecycle,case,Open,
400,20260219,summary_generated,AI assistance,case,success,
401,20260219,summary_generated,AI assistance,case,success,
402,20260219,assistant_question,AI assistance,case,success,
403,20260219,assistant_question,AI assistance,case,success,
404,20260219,document_uploaded,Document intake,document,success,
405,20260219,ai_extraction_completed,AI processing,ai_run,success,
406,20260219,human_review_submitted,Human review,case,,
407,20260219,case_created,Case lifecycle,case,Open,
408,20260219,duplicate_submission_ignored,Duplicate prevention,case,,
409,20260219,document_uploaded,Document intake,document,success,
410,20260219,ai_extraction_completed,AI processing,ai_run,success,
411,20260219,human_review_submitted,Human review,case,,
412,20260219,case_created,Case lifecycle,case,Open,
413,20260219,summary_generated,AI assistance,case,success,
414,20260219,summary_generated,AI assistance,case,success,
415,20260219,assistant_question,AI assistance,case,success,
416,20260219,assistant_question,AI assistance,case,success,
417,20260219,assistant_question,AI assistance,case,success,
418,20260219,assistant_question,AI assistance,case,success,
419,20260219,document_uploaded,Document intake,document,success,
420,20260219,ai_extraction_completed,AI processing,ai_run,success,
421,20260219,human_review_submitted,Human review,case,,
422,20260219,case_created,Case lifecycle,case,Awaiting information,
423,20260219,document_uploaded,Document intake,document,success,
424,20260219,ai_extraction_completed,AI processing,ai_run,success,
425,20260219,human_review_submitted,Human review,case,,
426,20260219,case_created,Case lifecycle,case,Open,
427,20260219,summary_generated,AI assistance,case,success,
428,20260220,document_uploaded,Document intake,document,success,
429,20260220,ai_extraction_completed,AI processing,ai_run,success,
430,20260220,human_review_submitted,Human review,case,,
431,20260220,case_created,Case lifecycle,case,Open,
432,20260220,case_updated,Human review,case,,
433,20260221,case_updated,Human review,case,,
434,20260223,document_uploaded,Document intake,document,success,
435,20260223,ai_extraction_completed,AI processing,ai_run,success,
436,20260223,human_review_submitted,Human review,case,,
437,20260223,case_created,Case lifecycle,case,Open,
438,20260223,document_uploaded,Document intake,document,success,
439,20260223,ai_extraction_completed,AI processing,ai_run,success,
440,20260223,case_updated,Human review,case,,
441,20260224,document_uploaded,Document intake,document,success,
442,20260224,ai_extraction_completed,AI processing,ai_run,success,
443,20260224,case_updated,Human review,case,,
444,20260225,document_uploaded,Document intake,document,success,
445,20260225,ai_extraction_completed,AI processing,ai_run,success,
446,20260225,human_review_submitted,Human review,case,,
447,20260225,case_created,Case lifecycle,case,Open,
448,20260226,case_updated,Human review,case,,
449,20260226,document_uploaded,Document intake,document,success,
450,20260226,ai_extraction_completed,AI processing,ai_run,success,
451,20260226,human_review_submitted,Human review,case,,
452,20260226,case_created,Case lifecycle,case,Open,
453,20260227,document_uploaded,Document intake,document,success,
454,20260227,ai_extraction_completed,AI processing,ai_run,success,
455,20260227,human_review_submitted,Human review,case,,
456,20260227,case_created,Case lifecycle,case,Open,
457,20260227,case_updated,Human review,case,,
458,20260301,case_updated,Human review,case,,
459,20260302,document_uploaded,Document intake,document,success,
460,20260302,ai_extraction_completed,AI processing,ai_run,success,
461,20260302,human_review_submitted,Human review,case,,
462,20260302,case_created,Case lifecycle,case,Open,
463,20260302,summary_generated,AI assistance,case,success,
464,20260302,document_uploaded,Document intake,document,success,
465,20260302,ai_extraction_completed,AI processing,ai_run,success,
466,20260302,human_review_submitted,Human review,case,,
467,20260302,case_created,Case lifecycle,case,Open,
468,20260302,document_uploaded,Document intake,document,success,
469,20260302,ai_extraction_completed,AI processing,ai_run,success,
470,20260302,document_uploaded,Document intake,document,rejected,
471,20260302,file_rejected,Input validation,document,rejected,UNSUPPORTED_FORMAT
472,20260303,document_uploaded,Document intake,document,success,
473,20260303,ai_extraction_completed,AI processing,ai_run,success,
474,20260303,human_review_submitted,Human review,case,,
475,20260303,case_created,Case lifecycle,case,Open,
476,20260303,document_uploaded,Document intake,document,success,
477,20260303,ai_extraction_completed,AI processing,ai_run,success,
478,20260303,human_review_submitted,Human review,case,,
479,20260303,case_created,Case lifecycle,case,Open,
480,20260303,summary_generated,AI assistance,case,success,
481,20260303,document_uploaded,Document intake,document,success,
482,20260303,ai_extraction_completed,AI processing,ai_run,success,
483,20260303,human_review_submitted,Human review,case,,
484,20260303,case_created,Case lifecycle,case,Open,
485,20260304,document_uploaded,Document intake,document,success,
486,20260304,ai_extraction_completed,AI processing,ai_run,success,
487,20260304,human_review_submitted,Human review,case,,
488,20260304,case_created,Case lifecycle,case,Open,
489,20260304,document_uploaded,Document intake,document,success,
490,20260304,provider_fallback_used,AI processing,ai_run,,
491,20260304,ai_extraction_completed,AI processing,ai_run,success,
492,20260304,human_review_submitted,Human review,case,,
493,20260304,case_created,Case lifecycle,case,Open,
494,20260304,document_uploaded,Document intake,document,success,
495,20260304,ai_extraction_completed,AI processing,ai_run,success,
496,20260304,duplicate_case_blocked,Duplicate prevention,case,,
497,20260305,document_uploaded,Document intake,document,success,
498,20260305,provider_fallback_used,AI processing,ai_run,,
499,20260305,ai_extraction_completed,AI processing,ai_run,success,
500,20260305,human_review_submitted,Human review,case,,
501,20260305,case_created,Case lifecycle,case,Open,
502,20260305,document_uploaded,Document intake,document,success,
503,20260305,ai_extraction_completed,AI processing,ai_run,success,
504,20260305,human_review_submitted,Human review,case,,
505,20260305,case_created,Case lifecycle,case,Open,
506,20260305,document_uploaded,Document intake,document,success,
507,20260305,provider_fallback_used,AI processing,ai_run,,
508,20260305,ai_extraction_completed,AI processing,ai_run,success,
509,20260305,human_review_submitted,Human review,case,,
510,20260305,case_created,Case lifecycle,case,Open,
511,20260305,assistant_question,AI assistance,case,success,
512,20260305,summary_generated,AI assistance,case,success,
513,20260305,assistant_question,AI assistance,case,success,
514,20260305,summary_generated,AI assistance,case,success,
515,20260305,summary_generated,AI assistance,case,success,
516,20260305,assistant_question,AI assistance,case,success,
517,20260305,assistant_question,AI assistance,case,success,
518,20260306,document_uploaded,Document intake,document,success,
519,20260306,ai_extraction_completed,AI processing,ai_run,success,
520,20260306,document_uploaded,Document intake,document,success,
521,20260306,provider_fallback_used,AI processing,ai_run,,
522,20260306,ai_extraction_completed,AI processing,ai_run,success,
523,20260306,human_review_submitted,Human review,case,,
524,20260306,case_created,Case lifecycle,case,Open,
525,20260306,summary_generated,AI assistance,case,success,
526,20260306,document_uploaded,Document intake,document,success,
527,20260306,ai_extraction_completed,AI processing,ai_run,success,
528,20260306,human_review_submitted,Human review,case,,
529,20260306,case_created,Case lifecycle,case,Open,
530,20260306,document_uploaded,Document intake,document,success,
531,20260306,ai_extraction_completed,AI processing,ai_run,success,
532,20260306,human_review_submitted,Human review,case,,
533,20260306,case_created,Case lifecycle,case,Open,
534,20260306,summary_generated,AI assistance,case,success,
535,20260306,document_uploaded,Document intake,document,success,
536,20260306,ai_extraction_completed,AI processing,ai_run,success,
537,20260306,human_review_submitted,Human review,case,,
538,20260306,case_created,Case lifecycle,case,Open,
539,20260306,summary_generated,AI assistance,case,success,
540,20260306,assistant_question,AI assistance,case,success,
541,20260308,case_updated,Human review,case,,
542,20260308,document_uploaded,Document intake,document,success,
543,20260308,provider_fallback_used,AI processing,ai_run,,
544,20260308,ai_extraction_completed,AI processing,ai_run,success,
545,20260309,document_uploaded,Document intake,document,success,
546,20260309,ai_extraction_completed,AI processing,ai_run,success,
547,20260309,human_review_submitted,Human review,case,,
548,20260309,case_created,Case lifecycle,case,Open,
549,20260309,assistant_question,AI assistance,case,success,
550,20260309,assistant_question,AI assistance,case,success,
551,20260310,case_updated,Human review,case,,
552,20260310,document_uploaded,Document intake,document,success,
553,20260310,ai_extraction_completed,AI processing,ai_run,success,
554,20260310,human_review_submitted,Human review,case,,
555,20260310,case_created,Case lifecycle,case,Open,
556,20260310,summary_generated,AI assistance,case,success,
557,20260310,assistant_question,AI assistance,case,success,
558,20260311,document_uploaded,Document intake,document,success,
559,20260311,ai_extraction_completed,AI processing,ai_run,success,
560,20260311,human_review_submitted,Human review,case,,
561,20260311,case_created,Case lifecycle,case,Awaiting information,
562,20260311,summary_generated,AI assistance,case,success,
563,20260311,assistant_question,AI assistance,case,success,
564,20260311,assistant_question,AI assistance,case,success,
565,20260312,case_updated,Human review,case,,
566,20260312,document_uploaded,Document intake,document,success,
567,20260312,ai_extraction_completed,AI processing,ai_run,success,
568,20260312,human_review_submitted,Human review,case,,
569,20260312,case_created,Case lifecycle,case,Open,
570,20260312,document_uploaded,Document intake,document,success,
571,20260312,ai_extraction_completed,AI processing,ai_run,success,
572,20260312,summary_generated,AI assistance,case,success,
573,20260313,case_updated,Human review,case,,
574,20260313,document_uploaded,Document intake,document,success,
575,20260313,ai_extraction_completed,AI processing,ai_run,success,
576,20260313,human_review_submitted,Human review,case,,
577,20260313,case_created,Case lifecycle,case,Open,
578,20260313,summary_generated,AI assistance,case,success,
579,20260313,document_uploaded,Document intake,document,success,
580,20260313,ai_extraction_completed,AI processing,ai_run,success,
581,20260313,human_review_submitted,Human review,case,,
582,20260313,case_created,Case lifecycle,case,Open,
583,20260313,document_uploaded,Document intake,document,success,
584,20260313,ai_extraction_completed,AI processing,ai_run,success,
585,20260313,human_review_submitted,Human review,case,,
586,20260313,case_created,Case lifecycle,case,Open,
587,20260313,document_uploaded,Document intake,document,success,
588,20260313,ai_extraction_completed,AI processing,ai_run,success,
589,20260313,human_review_submitted,Human review,case,,
590,20260313,case_created,Case lifecycle,case,Open,
591,20260313,summary_generated,AI assistance,case,success,
592,20260313,assistant_question,AI assistance,case,success,
593,20260314,document_uploaded,Document intake,document,success,
594,20260314,ai_extraction_completed,AI processing,ai_run,success,
595,20260314,case_updated,Human review,case,,
596,20260315,document_uploaded,Document intake,document,error,
597,20260315,ai_extraction_failed,AI processing,ai_run,error,AI_UNAVAILABLE
598,20260316,document_uploaded,Document intake,document,success,
599,20260316,ai_extraction_completed,AI processing,ai_run,success,
600,20260316,human_review_submitted,Human review,case,,
601,20260316,case_created,Case lifecycle,case,Open,
602,20260316,document_uploaded,Document intake,document,success,
603,20260316,ai_extraction_completed,AI processing,ai_run,success,
604,20260316,human_review_submitted,Human review,case,,
605,20260316,case_created,Case lifecycle,case,Open,
606,20260316,document_uploaded,Document intake,document,success,
607,20260316,ai_extraction_completed,AI processing,ai_run,success,
608,20260316,human_review_submitted,Human review,case,,
609,20260316,case_created,Case lifecycle,case,Open,
610,20260316,document_uploaded,Document intake,document,success,
611,20260316,ai_extraction_completed,AI processing,ai_run,success,
612,20260317,document_uploaded,Document intake,document,success,
613,20260317,provider_fallback_used,AI processing,ai_run,,
614,20260317,ai_extraction_completed,AI processing,ai_run,success,
615,20260317,human_review_submitted,Human review,case,,
616,20260317,case_created,Case lifecycle,case,Open,
617,20260317,document_uploaded,Document intake,document,success,
618,20260317,ai_extraction_completed,AI processing,ai_run,success,
619,20260317,human_review_submitted,Human review,case,,
620,20260317,case_created,Case lifecycle,case,Open,
621,20260317,document_uploaded,Document intake,document,success,
622,20260317,ai_extraction_completed,AI processing,ai_run,success,
623,20260317,human_review_submitted,Human review,case,,
624,20260317,case_created,Case lifecycle,case,Open,
625,20260317,summary_generated,AI assistance,case,success,
626,20260318,case_updated,Human review,case,,
627,20260318,document_uploaded,Document intake,document,success,
628,20260318,ai_extraction_completed,AI processing,ai_run,success,
629,20260318,human_review_submitted,Human review,case,,
630,20260318,case_created,Case lifecycle,case,Open,
631,20260318,document_uploaded,Document intake,document,success,
632,20260318,ai_extraction_completed,AI processing,ai_run,success,
633,20260318,human_review_submitted,Human review,case,,
634,20260318,case_created,Case lifecycle,case,Open,
635,20260318,document_uploaded,Document intake,document,success,
636,20260318,ai_extraction_completed,AI processing,ai_run,success,
637,20260318,human_review_submitted,Human review,case,,
638,20260318,case_created,Case lifecycle,case,Open,
639,20260318,document_uploaded,Document intake,document,success,
640,20260318,ai_extraction_completed,AI processing,ai_run,success,
641,20260318,human_review_submitted,Human review,case,,
642,20260318,case_created,Case lifecycle,case,Open,
643,20260318,summary_generated,AI assistance,case,success,
644,20260319,document_uploaded,Document intake,document,success,
645,20260319,ai_extraction_completed,AI processing,ai_run,success,
646,20260319,human_review_submitted,Human review,case,,
647,20260319,case_created,Case lifecycle,case,Open,
648,20260319,summary_generated,AI assistance,case,success,
649,20260319,document_uploaded,Document intake,document,success,
650,20260319,ai_extraction_completed,AI processing,ai_run,success,
651,20260319,human_review_submitted,Human review,case,,
652,20260319,case_created,Case lifecycle,case,Open,
653,20260319,case_updated,Human review,case,,
654,20260319,case_updated,Human review,case,,
655,20260319,document_uploaded,Document intake,document,success,
656,20260319,ai_extraction_completed,AI processing,ai_run,success,
657,20260319,human_review_submitted,Human review,case,,
658,20260319,case_created,Case lifecycle,case,Open,
659,20260319,summary_generated,AI assistance,case,success,
660,20260320,document_uploaded,Document intake,document,success,
661,20260320,ai_extraction_completed,AI processing,ai_run,success,
662,20260320,human_review_submitted,Human review,case,,
663,20260320,case_created,Case lifecycle,case,Open,
664,20260320,case_updated,Human review,case,,
665,20260321,case_updated,Human review,case,,
666,20260321,document_uploaded,Document intake,document,success,
667,20260321,ai_extraction_completed,AI processing,ai_run,success,
668,20260321,case_updated,Human review,case,,
669,20260323,document_uploaded,Document intake,document,success,
670,20260323,ai_extraction_completed,AI processing,ai_run,success,
671,20260323,human_review_submitted,Human review,case,,
672,20260323,case_created,Case lifecycle,case,Open,
673,20260323,summary_generated,AI assistance,case,success,
674,20260325,case_updated,Human review,case,,
675,20260325,document_uploaded,Document intake,document,success,
676,20260325,ai_extraction_completed,AI processing,ai_run,success,
677,20260325,human_review_submitted,Human review,case,,
678,20260325,case_created,Case lifecycle,case,Awaiting information,
679,20260325,document_uploaded,Document intake,document,success,
680,20260325,ai_extraction_completed,AI processing,ai_run,success,
681,20260325,human_review_submitted,Human review,case,,
682,20260325,case_created,Case lifecycle,case,Open,
683,20260325,document_uploaded,Document intake,document,success,
684,20260325,ai_extraction_completed,AI processing,ai_run,success,
685,20260325,human_review_submitted,Human review,case,,
686,20260325,case_created,Case lifecycle,case,Open,
687,20260326,document_uploaded,Document intake,document,success,
688,20260326,ai_extraction_completed,AI processing,ai_run,success,
689,20260326,human_review_submitted,Human review,case,,
690,20260326,case_created,Case lifecycle,case,Open,
691,20260326,document_uploaded,Document intake,document,success,
692,20260326,ai_extraction_completed,AI processing,ai_run,success,
693,20260326,human_review_submitted,Human review,case,,
694,20260326,case_created,Case lifecycle,case,Open,
695,20260326,summary_generated,AI assistance,case,success,
696,20260327,document_uploaded,Document intake,document,success,
697,20260327,ai_extraction_completed,AI processing,ai_run,success,
698,20260327,document_uploaded,Document intake,document,success,
699,20260327,ai_extraction_completed,AI processing,ai_run,success,
700,20260327,document_uploaded,Document intake,document,success,
701,20260327,ai_extraction_completed,AI processing,ai_run,success,
702,20260327,human_review_submitted,Human review,case,,
703,20260327,case_created,Case lifecycle,case,Open,
704,20260327,summary_generated,AI assistance,case,success,
705,20260327,case_updated,Human review,case,,
706,20260327,document_uploaded,Document intake,document,success,
707,20260327,ai_extraction_completed,AI processing,ai_run,success,
708,20260327,human_review_submitted,Human review,case,,
709,20260327,case_created,Case lifecycle,case,Open,
710,20260327,case_updated,Human review,case,,
711,20260327,summary_generated,AI assistance,case,success,
712,20260327,document_uploaded,Document intake,document,rejected,
713,20260327,file_rejected,Input validation,document,rejected,UNSUPPORTED_FORMAT
714,20260328,document_uploaded,Document intake,document,success,
715,20260328,ai_extraction_completed,AI processing,ai_run,success,
716,20260329,case_updated,Human review,case,,
717,20260330,document_uploaded,Document intake,document,success,
718,20260330,ai_extraction_completed,AI processing,ai_run,success,
719,20260330,human_review_submitted,Human review,case,,
720,20260330,case_created,Case lifecycle,case,Open,
721,20260330,case_updated,Human review,case,,
722,20260330,summary_generated,AI assistance,case,success,
723,20260331,document_uploaded,Document intake,document,success,
724,20260331,ai_extraction_completed,AI processing,ai_run,success,
725,20260331,human_review_submitted,Human review,case,,
726,20260331,case_created,Case lifecycle,case,Open,
727,20260331,case_updated,Human review,case,,
728,20260331,case_updated,Human review,case,,
729,20260331,summary_generated,AI assistance,case,success,
730,20260331,document_uploaded,Document intake,document,success,
731,20260331,ai_extraction_completed,AI processing,ai_run,success,
732,20260331,human_review_submitted,Human review,case,,
733,20260331,case_created,Case lifecycle,case,Open,
734,20260331,summary_generated,AI assistance,case,success,
735,20260331,case_updated,Human review,case,,
736,20260401,document_uploaded,Document intake,document,success,
737,20260401,ai_extraction_completed,AI processing,ai_run,success,
738,20260401,human_review_submitted,Human review,case,,
739,20260401,case_created,Case lifecycle,case,Open,
740,20260401,document_uploaded,Document intake,document,success,
741,20260401,ai_extraction_completed,AI processing,ai_run,success,
742,20260401,duplicate_case_blocked,Duplicate prevention,case,,
743,20260401,summary_generated,AI assistance,case,success,
744,20260401,case_updated,Human review,case,,
745,20260401,document_uploaded,Document intake,document,success,
746,20260401,provider_fallback_used,AI processing,ai_run,,
747,20260401,ai_extraction_completed,AI processing,ai_run,success,
748,20260401,human_review_submitted,Human review,case,,
749,20260401,case_created,Case lifecycle,case,Open,
750,20260401,summary_generated,AI assistance,case,success,
751,20260401,document_uploaded,Document intake,document,success,
752,20260401,ai_extraction_completed,AI processing,ai_run,success,
753,20260401,human_review_submitted,Human review,case,,
754,20260401,case_created,Case lifecycle,case,Open,
755,20260401,summary_generated,AI assistance,case,success,
756,20260401,document_uploaded,Document intake,document,success,
757,20260401,ai_extraction_completed,AI processing,ai_run,success,
758,20260401,human_review_submitted,Human review,case,,
759,20260401,case_created,Case lifecycle,case,Open,
760,20260401,summary_generated,AI assistance,case,success,
761,20260402,document_uploaded,Document intake,document,success,
762,20260402,ai_extraction_completed,AI processing,ai_run,success,
763,20260402,human_review_submitted,Human review,case,,
764,20260402,case_created,Case lifecycle,case,Open,
765,20260402,summary_generated,AI assistance,case,success,
766,20260402,assistant_question,AI assistance,case,success,
767,20260402,assistant_question,AI assistance,case,success,
768,20260402,document_uploaded,Document intake,document,success,
769,20260402,ai_extraction_completed,AI processing,ai_run,success,
770,20260402,human_review_submitted,Human review,case,,
771,20260402,case_created,Case lifecycle,case,Open,
772,20260402,summary_generated,AI assistance,case,success,
773,20260403,document_uploaded,Document intake,document,success,
774,20260403,ai_extraction_completed,AI processing,ai_run,success,
775,20260403,human_review_submitted,Human review,case,,
776,20260403,case_created,Case lifecycle,case,Awaiting information,
777,20260403,document_uploaded,Document intake,document,success,
778,20260403,provider_fallback_used,AI processing,ai_run,,
779,20260403,ai_extraction_completed,AI processing,ai_run,success,
780,20260403,human_review_submitted,Human review,case,,
781,20260403,case_created,Case lifecycle,case,Open,
782,20260403,document_uploaded,Document intake,document,success,
783,20260403,ai_extraction_completed,AI processing,ai_run,success,
784,20260403,duplicate_case_blocked,Duplicate prevention,case,,
785,20260403,summary_generated,AI assistance,case,success,
786,20260403,document_uploaded,Document intake,document,success,
787,20260403,ai_extraction_completed,AI processing,ai_run,success,
788,20260403,human_review_submitted,Human review,case,,
789,20260403,case_created,Case lifecycle,case,Open,
790,20260404,case_updated,Human review,case,,
791,20260404,document_uploaded,Document intake,document,success,
792,20260404,ai_extraction_completed,AI processing,ai_run,success,
793,20260404,document_uploaded,Document intake,document,success,
794,20260404,ai_extraction_completed,AI processing,ai_run,success,
795,20260404,case_updated,Human review,case,,
796,20260405,document_uploaded,Document intake,document,success,
797,20260405,ai_extraction_completed,AI processing,ai_run,success,
798,20260405,case_updated,Human review,case,,
799,20260406,document_uploaded,Document intake,document,success,
800,20260406,ai_extraction_completed,AI processing,ai_run,success,
801,20260406,human_review_submitted,Human review,case,,
802,20260406,case_created,Case lifecycle,case,Awaiting information,
803,20260406,assistant_question,AI assistance,case,success,
804,20260406,assistant_question,AI assistance,case,success,
805,20260406,document_uploaded,Document intake,document,success,
806,20260406,ai_extraction_completed,AI processing,ai_run,success,
807,20260406,document_uploaded,Document intake,document,success,
808,20260406,ai_extraction_completed,AI processing,ai_run,success,
809,20260406,human_review_submitted,Human review,case,,
810,20260406,case_created,Case lifecycle,case,Open,
811,20260407,document_uploaded,Document intake,document,success,
812,20260407,ai_extraction_completed,AI processing,ai_run,success,
813,20260407,human_review_submitted,Human review,case,,
814,20260407,case_created,Case lifecycle,case,Open,
815,20260407,assistant_question,AI assistance,case,success,
816,20260407,summary_generated,AI assistance,case,success,
817,20260407,document_uploaded,Document intake,document,success,
818,20260407,ai_extraction_completed,AI processing,ai_run,success,
819,20260407,human_review_submitted,Human review,case,,
820,20260407,case_created,Case lifecycle,case,Open,
821,20260407,document_uploaded,Document intake,document,success,
822,20260407,ai_extraction_completed,AI processing,ai_run,success,
823,20260407,human_review_submitted,Human review,case,,
824,20260407,case_created,Case lifecycle,case,Open,
825,20260407,document_uploaded,Document intake,document,success,
826,20260407,ai_extraction_completed,AI processing,ai_run,success,
827,20260407,human_review_submitted,Human review,case,,
828,20260407,case_created,Case lifecycle,case,Open,
829,20260407,summary_generated,AI assistance,case,success,
830,20260407,assistant_question,AI assistance,case,success,
831,20260407,assistant_question,AI assistance,case,success,
832,20260407,document_uploaded,Document intake,document,success,
833,20260407,ai_extraction_completed,AI processing,ai_run,success,
834,20260407,human_review_submitted,Human review,case,,
835,20260407,case_created,Case lifecycle,case,Open,
836,20260407,document_uploaded,Document intake,document,success,
837,20260407,ai_extraction_completed,AI processing,ai_run,success,
838,20260407,duplicate_case_blocked,Duplicate prevention,case,,
839,20260407,summary_generated,AI assistance,case,success,
840,20260407,document_uploaded,Document intake,document,rejected,
841,20260407,file_rejected,Input validation,document,rejected,UNSUPPORTED_FORMAT
842,20260408,document_uploaded,Document intake,document,success,
843,20260408,ai_extraction_completed,AI processing,ai_run,success,
844,20260408,human_review_submitted,Human review,case,,
845,20260408,case_created,Case lifecycle,case,Open,
846,20260408,summary_generated,AI assistance,case,success,
847,20260408,case_updated,Human review,case,,
848,20260409,case_updated,Human review,case,,
849,20260409,document_uploaded,Document intake,document,success,
850,20260409,ai_extraction_completed,AI processing,ai_run,success,
851,20260409,human_review_submitted,Human review,case,,
852,20260409,case_created,Case lifecycle,case,Open,
853,20260409,assistant_question,AI assistance,case,success,
854,20260409,document_uploaded,Document intake,document,success,
855,20260409,ai_extraction_completed,AI processing,ai_run,success,
856,20260409,human_review_submitted,Human review,case,,
857,20260409,case_created,Case lifecycle,case,Open,
858,20260409,duplicate_submission_ignored,Duplicate prevention,case,,
859,20260409,summary_generated,AI assistance,case,success,
860,20260410,document_uploaded,Document intake,document,success,
861,20260410,ai_extraction_completed,AI processing,ai_run,success,
862,20260410,human_review_submitted,Human review,case,,
863,20260410,case_created,Case lifecycle,case,Open,
864,20260410,summary_generated,AI assistance,case,success,
865,20260410,assistant_question,AI assistance,case,success,
866,20260411,document_uploaded,Document intake,document,success,
867,20260411,ai_extraction_completed,AI processing,ai_run,success,
868,20260413,document_uploaded,Document intake,document,success,
869,20260413,ai_extraction_completed,AI processing,ai_run,success,
870,20260413,human_review_submitted,Human review,case,,
871,20260413,case_created,Case lifecycle,case,Open,
872,20260413,case_updated,Human review,case,,
873,20260414,document_uploaded,Document intake,document,success,
874,20260414,ai_extraction_completed,AI processing,ai_run,success,
875,20260414,human_review_submitted,Human review,case,,
876,20260414,case_created,Case lifecycle,case,Open,
877,20260414,document_uploaded,Document intake,document,success,
878,20260414,provider_fallback_used,AI processing,ai_run,,
879,20260414,ai_extraction_completed,AI processing,ai_run,success,
880,20260414,human_review_submitted,Human review,case,,
881,20260414,case_created,Case lifecycle,case,Open,
882,20260414,summary_generated,AI assistance,case,success,
883,20260414,document_uploaded,Document intake,document,success,
884,20260414,ai_extraction_completed,AI processing,ai_run,success,
885,20260414,human_review_submitted,Human review,case,,
886,20260414,case_created,Case lifecycle,case,Open,
887,20260414,summary_generated,AI assistance,case,success,
888,20260414,summary_generated,AI assistance,case,success,
889,20260414,assistant_question,AI assistance,case,success,
890,20260415,document_uploaded,Document intake,document,success,
891,20260415,ai_extraction_completed,AI processing,ai_run,success,
892,20260415,document_uploaded,Document intake,document,success,
893,20260415,ai_extraction_completed,AI processing,ai_run,success,
894,20260415,human_review_submitted,Human review,case,,
895,20260415,case_created,Case lifecycle,case,Open,
896,20260415,summary_generated,AI assistance,case,success,
897,20260415,document_uploaded,Document intake,document,success,
898,20260415,ai_extraction_completed,AI processing,ai_run,success,
899,20260415,human_review_submitted,Human review,case,,
900,20260415,case_created,Case lifecycle,case,Open,
901,20260415,summary_generated,AI assistance,case,success,
902,20260415,document_uploaded,Document intake,document,success,
903,20260415,ai_extraction_completed,AI processing,ai_run,success,
904,20260415,human_review_submitted,Human review,case,,
905,20260415,case_created,Case lifecycle,case,Open,
906,20260415,assistant_question,AI assistance,case,success,
907,20260415,assistant_question,AI assistance,case,success,
908,20260416,document_uploaded,Document intake,document,success,
909,20260416,ai_extraction_completed,AI processing,ai_run,success,
910,20260416,human_review_submitted,Human review,case,,
911,20260416,case_created,Case lifecycle,case,Open,
912,20260416,document_uploaded,Document intake,document,success,
913,20260416,ai_extraction_completed,AI processing,ai_run,success,
914,20260416,human_review_submitted,Human review,case,,
915,20260416,case_created,Case lifecycle,case,Open,
916,20260416,summary_generated,AI assistance,case,success,
917,20260416,assistant_question,AI assistance,case,success,
918,20260417,document_uploaded,Document intake,document,success,
919,20260417,ai_extraction_completed,AI processing,ai_run,success,
920,20260417,duplicate_case_blocked,Duplicate prevention,case,,
921,20260418,case_updated,Human review,case,,
922,20260419,case_updated,Human review,case,,
923,20260420,case_updated,Human review,case,,
924,20260421,document_uploaded,Document intake,document,success,
925,20260421,ai_extraction_completed,AI processing,ai_run,success,
926,20260421,human_review_submitted,Human review,case,,
927,20260421,case_created,Case lifecycle,case,Awaiting information,
928,20260422,case_updated,Human review,case,,
929,20260422,case_updated,Human review,case,,
930,20260422,case_updated,Human review,case,,
931,20260423,document_uploaded,Document intake,document,success,
932,20260423,ai_extraction_completed,AI processing,ai_run,success,
933,20260423,human_review_submitted,Human review,case,,
934,20260423,case_created,Case lifecycle,case,Open,
935,20260423,case_updated,Human review,case,,
936,20260423,case_updated,Human review,case,,
937,20260423,document_uploaded,Document intake,document,success,
938,20260423,provider_fallback_used,AI processing,ai_run,,
939,20260423,ai_extraction_completed,AI processing,ai_run,success,
940,20260423,human_review_submitted,Human review,case,,
941,20260423,case_created,Case lifecycle,case,Open,
942,20260423,duplicate_submission_ignored,Duplicate prevention,case,,
943,20260423,document_uploaded,Document intake,document,success,
944,20260423,ai_extraction_completed,AI processing,ai_run,success,
945,20260423,human_review_submitted,Human review,case,,
946,20260423,case_created,Case lifecycle,case,Awaiting information,
947,20260423,document_uploaded,Document intake,document,success,
948,20260423,provider_fallback_used,AI processing,ai_run,,
949,20260423,ai_extraction_completed,AI processing,ai_run,success,
950,20260423,human_review_submitted,Human review,case,,
951,20260423,case_created,Case lifecycle,case,Open,
952,20260423,summary_generated,AI assistance,case,success,
953,20260423,assistant_question,AI assistance,case,success,
954,20260423,assistant_question,AI assistance,case,success,
955,20260424,case_updated,Human review,case,,
956,20260424,document_uploaded,Document intake,document,success,
957,20260424,ai_extraction_completed,AI processing,ai_run,success,
958,20260424,human_review_submitted,Human review,case,,
959,20260424,case_created,Case lifecycle,case,Open,
960,20260424,summary_generated,AI assistance,case,success,
961,20260424,document_uploaded,Document intake,document,success,
962,20260424,ai_extraction_completed,AI processing,ai_run,success,
963,20260424,human_review_submitted,Human review,case,,
964,20260424,case_created,Case lifecycle,case,Open,
965,20260424,summary_generated,AI assistance,case,success,
966,20260424,document_uploaded,Document intake,document,success,
967,20260424,ai_extraction_completed,AI processing,ai_run,success,
968,20260424,human_review_submitted,Human review,case,,
969,20260424,case_created,Case lifecycle,case,Open,
970,20260424,summary_generated,AI assistance,case,success,
971,20260425,case_updated,Human review,case,,
972,20260427,document_uploaded,Document intake,document,success,
973,20260427,ai_extraction_completed,AI processing,ai_run,success,
974,20260427,human_review_submitted,Human review,case,,
975,20260427,case_created,Case lifecycle,case,Open,
976,20260427,case_updated,Human review,case,,
977,20260427,case_updated,Human review,case,,
978,20260427,document_uploaded,Document intake,document,success,
979,20260427,ai_extraction_completed,AI processing,ai_run,success,
980,20260427,human_review_submitted,Human review,case,,
981,20260427,case_created,Case lifecycle,case,Open,
982,20260428,document_uploaded,Document intake,document,success,
983,20260428,ai_extraction_completed,AI processing,ai_run,success,
984,20260428,human_review_submitted,Human review,case,,
985,20260428,case_created,Case lifecycle,case,Open,
986,20260428,case_updated,Human review,case,,
987,20260428,document_uploaded,Document intake,document,success,
988,20260428,provider_fallback_used,AI processing,ai_run,,
989,20260428,ai_extraction_completed,AI processing,ai_run,success,
990,20260428,human_review_submitted,Human review,case,,
991,20260428,case_created,Case lifecycle,case,Open,
992,20260428,case_updated,Human review,case,,
993,20260428,summary_generated,AI assistance,case,success,
994,20260429,document_uploaded,Document intake,document,success,
995,20260429,provider_fallback_used,AI processing,ai_run,,
996,20260429,ai_extraction_completed,AI processing,ai_run,success,
997,20260429,human_review_submitted,Human review,case,,
998,20260429,case_created,Case lifecycle,case,Open,
999,20260429,summary_generated,AI assistance,case,success,
1000,20260429,document_uploaded,Document intake,document,success,
1001,20260429,ai_extraction_completed,AI processing,ai_run,success,
1002,20260429,human_review_submitted,Human review,case,,
1003,20260429,case_created,Case lifecycle,case,Open,
1004,20260429,summary_generated,AI assistance,case,success,
1005,20260429,assistant_question,AI assistance,case,success,
1006,20260429,assistant_question,AI assistance,case,success,
1007,20260429,assistant_question,AI assistance,case,success,
1008,20260429,assistant_question,AI assistance,case,success,
1009,20260430,document_uploaded,Document intake,document,success,
1010,20260430,ai_extraction_completed,AI processing,ai_run,success,
1011,20260430,human_review_submitted,Human review,case,,
1012,20260430,case_created,Case lifecycle,case,Open,
1013,20260430,document_uploaded,Document intake,document,success,
1014,20260430,ai_extraction_completed,AI processing,ai_run,success,
1015,20260430,human_review_submitted,Human review,case,,
1016,20260430,case_created,Case lifecycle,case,Awaiting information,
1017,20260430,document_uploaded,Document intake,document,success,
1018,20260430,ai_extraction_completed,AI processing,ai_run,success,
1019,20260430,human_review_submitted,Human review,case,,
1020,20260430,case_created,Case lifecycle,case,Open,
1021,20260430,summary_generated,AI assistance,case,success,
1022,20260430,case_updated,Human review,case,,
1023,20260501,document_uploaded,Document intake,document,success,
1024,20260501,ai_extraction_completed,AI processing,ai_run,success,
1025,20260501,human_review_submitted,Human review,case,,
1026,20260501,case_created,Case lifecycle,case,Open,
1027,20260501,case_updated,Human review,case,,
1028,20260501,summary_generated,AI assistance,case,success,
1029,20260501,case_updated,Human review,case,,
1030,20260501,document_uploaded,Document intake,document,success,
1031,20260501,ai_extraction_completed,AI processing,ai_run,success,
1032,20260501,human_review_submitted,Human review,case,,
1033,20260501,case_created,Case lifecycle,case,Open,
1034,20260501,summary_generated,AI assistance,case,success,
1035,20260501,assistant_question,AI assistance,case,success,
1036,20260501,assistant_question,AI assistance,case,success,
1037,20260502,case_updated,Human review,case,,
1038,20260503,document_uploaded,Document intake,document,success,
1039,20260503,provider_fallback_used,AI processing,ai_run,,
1040,20260503,ai_extraction_completed,AI processing,ai_run,success,
1041,20260504,case_updated,Human review,case,,
1042,20260504,case_updated,Human review,case,,
1043,20260505,document_uploaded,Document intake,document,success,
1044,20260505,ai_extraction_completed,AI processing,ai_run,success,
1045,20260505,human_review_submitted,Human review,case,,
1046,20260505,case_created,Case lifecycle,case,Open,
1047,20260505,document_uploaded,Document intake,document,success,
1048,20260505,ai_extraction_completed,AI processing,ai_run,success,
1049,20260505,human_review_submitted,Human review,case,,
1050,20260505,case_created,Case lifecycle,case,Open,
1051,20260506,document_uploaded,Document intake,document,success,
1052,20260506,ai_extraction_completed,AI processing,ai_run,success,
1053,20260506,human_review_submitted,Human review,case,,
1054,20260506,case_created,Case lifecycle,case,Open,
1055,20260506,summary_generated,AI assistance,case,success,
1056,20260506,document_uploaded,Document intake,document,success,
1057,20260506,ai_extraction_completed,AI processing,ai_run,success,
1058,20260506,human_review_submitted,Human review,case,,
1059,20260506,case_created,Case lifecycle,case,Open,
1060,20260506,document_uploaded,Document intake,document,success,
1061,20260506,ai_extraction_completed,AI processing,ai_run,success,
1062,20260506,human_review_submitted,Human review,case,,
1063,20260506,case_created,Case lifecycle,case,Open,
1064,20260506,summary_generated,AI assistance,case,success,
1065,20260506,document_uploaded,Document intake,document,success,
1066,20260506,ai_extraction_completed,AI processing,ai_run,success,
1067,20260506,human_review_submitted,Human review,case,,
1068,20260506,case_created,Case lifecycle,case,Open,
1069,20260506,summary_generated,AI assistance,case,success,
1070,20260506,case_updated,Human review,case,,
1071,20260506,assistant_question,AI assistance,case,success,
1072,20260506,case_updated,Human review,case,,
1073,20260506,assistant_question,AI assistance,case,success,
1074,20260506,case_updated,Human review,case,,
1075,20260507,document_uploaded,Document intake,document,success,
1076,20260507,ai_extraction_completed,AI processing,ai_run,success,
1077,20260507,human_review_submitted,Human review,case,,
1078,20260507,case_created,Case lifecycle,case,Open,
1079,20260507,document_uploaded,Document intake,document,success,
1080,20260507,ai_extraction_completed,AI processing,ai_run,success,
1081,20260507,human_review_submitted,Human review,case,,
1082,20260507,case_created,Case lifecycle,case,Open,
1083,20260507,summary_generated,AI assistance,case,success,
1084,20260508,document_uploaded,Document intake,document,success,
1085,20260508,ai_extraction_completed,AI processing,ai_run,success,
1086,20260508,human_review_submitted,Human review,case,,
1087,20260508,case_created,Case lifecycle,case,Open,
1088,20260508,summary_generated,AI assistance,case,success,
1089,20260508,document_uploaded,Document intake,document,success,
1090,20260508,ai_extraction_completed,AI processing,ai_run,success,
1091,20260510,document_uploaded,Document intake,document,success,
1092,20260510,ai_extraction_completed,AI processing,ai_run,success,
1093,20260511,document_uploaded,Document intake,document,success,
1094,20260511,provider_fallback_used,AI processing,ai_run,,
1095,20260511,ai_extraction_completed,AI processing,ai_run,success,
1096,20260511,human_review_submitted,Human review,case,,
1097,20260511,case_created,Case lifecycle,case,Open,
1098,20260511,document_uploaded,Document intake,document,success,
1099,20260511,ai_extraction_completed,AI processing,ai_run,success,
1100,20260511,human_review_submitted,Human review,case,,
1101,20260511,case_created,Case lifecycle,case,Open,
1102,20260511,summary_generated,AI assistance,case,success,
1103,20260511,case_updated,Human review,case,,
1104,20260511,document_uploaded,Document intake,document,success,
1105,20260511,ai_extraction_completed,AI processing,ai_run,success,
1106,20260511,human_review_submitted,Human review,case,,
1107,20260511,case_created,Case lifecycle,case,Open,
1108,20260512,case_updated,Human review,case,,
1109,20260512,document_uploaded,Document intake,document,success,
1110,20260512,ai_extraction_completed,AI processing,ai_run,success,
1111,20260512,human_review_submitted,Human review,case,,
1112,20260512,case_created,Case lifecycle,case,Open,
1113,20260512,document_uploaded,Document intake,document,success,
1114,20260512,ai_extraction_completed,AI processing,ai_run,success,
1115,20260512,human_review_submitted,Human review,case,,
1116,20260512,case_created,Case lifecycle,case,Open,
1117,20260512,summary_generated,AI assistance,case,success,
1118,20260512,document_uploaded,Document intake,document,success,
1119,20260512,ai_extraction_completed,AI processing,ai_run,success,
1120,20260512,human_review_submitted,Human review,case,,
1121,20260512,case_created,Case lifecycle,case,Open,
1122,20260512,summary_generated,AI assistance,case,success,
1123,20260513,case_updated,Human review,case,,
1124,20260513,document_uploaded,Document intake,document,success,
1125,20260513,provider_fallback_used,AI processing,ai_run,,
1126,20260513,ai_extraction_completed,AI processing,ai_run,success,
1127,20260513,document_uploaded,Document intake,document,success,
1128,20260513,ai_extraction_completed,AI processing,ai_run,success,
1129,20260513,human_review_submitted,Human review,case,,
1130,20260513,case_created,Case lifecycle,case,Open,
1131,20260513,document_uploaded,Document intake,document,success,
1132,20260513,ai_extraction_completed,AI processing,ai_run,success,
1133,20260513,human_review_submitted,Human review,case,,
1134,20260513,case_created,Case lifecycle,case,Open,
1135,20260513,summary_generated,AI assistance,case,success,
1136,20260513,case_updated,Human review,case,,
1137,20260514,document_uploaded,Document intake,document,success,
1138,20260514,provider_fallback_used,AI processing,ai_run,,
1139,20260514,ai_extraction_completed,AI processing,ai_run,success,
1140,20260514,human_review_submitted,Human review,case,,
1141,20260514,case_created,Case lifecycle,case,Awaiting information,
1142,20260514,case_updated,Human review,case,,
1143,20260514,assistant_question,AI assistance,case,success,
1144,20260514,case_updated,Human review,case,,
1145,20260514,document_uploaded,Document intake,document,success,
1146,20260514,ai_extraction_completed,AI processing,ai_run,success,
1147,20260514,human_review_submitted,Human review,case,,
1148,20260514,case_created,Case lifecycle,case,Open,
1149,20260514,document_uploaded,Document intake,document,success,
1150,20260514,ai_extraction_completed,AI processing,ai_run,success,
1151,20260514,human_review_submitted,Human review,case,,
1152,20260514,case_created,Case lifecycle,case,Open,
1153,20260514,summary_generated,AI assistance,case,success,
1154,20260514,assistant_question,AI assistance,case,success,
1155,20260514,assistant_question,AI assistance,case,success,
1156,20260515,document_uploaded,Document intake,document,success,
1157,20260515,ai_extraction_completed,AI processing,ai_run,success,
1158,20260515,human_review_submitted,Human review,case,,
1159,20260515,case_created,Case lifecycle,case,Open,
1160,20260515,document_uploaded,Document intake,document,success,
1161,20260515,provider_fallback_used,AI processing,ai_run,,
1162,20260515,ai_extraction_completed,AI processing,ai_run,success,
1163,20260515,human_review_submitted,Human review,case,,
1164,20260515,case_created,Case lifecycle,case,Open,
1165,20260515,document_uploaded,Document intake,document,success,
1166,20260515,ai_extraction_completed,AI processing,ai_run,success,
1167,20260515,human_review_submitted,Human review,case,,
1168,20260515,case_created,Case lifecycle,case,Open,
1169,20260515,summary_generated,AI assistance,case,success,
1170,20260515,document_uploaded,Document intake,document,success,
1171,20260515,ai_extraction_completed,AI processing,ai_run,success,
1172,20260515,human_review_submitted,Human review,case,,
1173,20260515,case_created,Case lifecycle,case,Open,
1174,20260515,summary_generated,AI assistance,case,success,
1175,20260515,document_uploaded,Document intake,document,success,
1176,20260515,ai_extraction_completed,AI processing,ai_run,success,
1177,20260515,duplicate_case_blocked,Duplicate prevention,case,,
1178,20260515,document_uploaded,Document intake,document,success,
1179,20260515,ai_extraction_completed,AI processing,ai_run,success,
1180,20260515,human_review_submitted,Human review,case,,
1181,20260515,case_created,Case lifecycle,case,Open,
1182,20260515,assistant_question,AI assistance,case,success,
1183,20260515,summary_generated,AI assistance,case,success,
1184,20260516,document_uploaded,Document intake,document,success,
1185,20260516,ai_extraction_completed,AI processing,ai_run,success,
1186,20260517,document_uploaded,Document intake,document,success,
1187,20260517,ai_extraction_completed,AI processing,ai_run,success,
1188,20260517,duplicate_case_blocked,Duplicate prevention,case,,
1189,20260517,document_uploaded,Document intake,document,success,
1190,20260517,ai_extraction_completed,AI processing,ai_run,success,
1191,20260517,case_updated,Human review,case,,
1192,20260517,document_uploaded,Document intake,document,success,
1193,20260517,ai_extraction_completed,AI processing,ai_run,success,
1194,20260518,case_updated,Human review,case,,
1195,20260519,case_updated,Human review,case,,
1196,20260519,document_uploaded,Document intake,document,success,
1197,20260519,ai_extraction_completed,AI processing,ai_run,success,
1198,20260519,case_updated,Human review,case,,
1199,20260519,document_uploaded,Document intake,document,success,
1200,20260519,ai_extraction_completed,AI processing,ai_run,success,
1201,20260519,human_review_submitted,Human review,case,,
1202,20260519,case_created,Case lifecycle,case,Open,
1203,20260519,summary_generated,AI assistance,case,success,
1204,20260519,document_uploaded,Document intake,document,success,
1205,20260519,ai_extraction_completed,AI processing,ai_run,success,
1206,20260519,human_review_submitted,Human review,case,,
1207,20260519,case_created,Case lifecycle,case,Open,
1208,20260519,assistant_question,AI assistance,case,success,
1209,20260519,assistant_question,AI assistance,case,success,
1210,20260520,document_uploaded,Document intake,document,success,
1211,20260520,ai_extraction_completed,AI processing,ai_run,success,
1212,20260520,human_review_submitted,Human review,case,,
1213,20260520,case_created,Case lifecycle,case,Open,
1214,20260520,summary_generated,AI assistance,case,success,
1215,20260520,document_uploaded,Document intake,document,success,
1216,20260520,ai_extraction_completed,AI processing,ai_run,success,
1217,20260520,human_review_submitted,Human review,case,,
1218,20260520,case_created,Case lifecycle,case,Open,
1219,20260520,document_uploaded,Document intake,document,success,
1220,20260520,provider_fallback_used,AI processing,ai_run,,
1221,20260520,ai_extraction_completed,AI processing,ai_run,success,
1222,20260520,human_review_submitted,Human review,case,,
1223,20260520,case_created,Case lifecycle,case,Awaiting information,
1224,20260520,document_uploaded,Document intake,document,success,
1225,20260520,ai_extraction_completed,AI processing,ai_run,success,
1226,20260520,human_review_submitted,Human review,case,,
1227,20260520,case_created,Case lifecycle,case,Open,
1228,20260520,summary_generated,AI assistance,case,success,
1229,20260520,case_updated,Human review,case,,
1230,20260520,assistant_question,AI assistance,case,success,
1231,20260520,assistant_question,AI assistance,case,success,
1232,20260520,document_uploaded,Document intake,document,success,
1233,20260520,ai_extraction_completed,AI processing,ai_run,success,
1234,20260520,human_review_submitted,Human review,case,,
1235,20260520,case_created,Case lifecycle,case,Open,
1236,20260520,document_uploaded,Document intake,document,success,
1237,20260520,provider_fallback_used,AI processing,ai_run,,
1238,20260520,ai_extraction_completed,AI processing,ai_run,success,
1239,20260520,human_review_submitted,Human review,case,,
1240,20260520,case_created,Case lifecycle,case,Open,
1241,20260520,case_updated,Human review,case,,
1242,20260521,document_uploaded,Document intake,document,success,
1243,20260521,provider_fallback_used,AI processing,ai_run,,
1244,20260521,ai_extraction_completed,AI processing,ai_run,success,
1245,20260521,human_review_submitted,Human review,case,,
1246,20260521,case_created,Case lifecycle,case,Open,
1247,20260522,case_updated,Human review,case,,
1248,20260522,document_uploaded,Document intake,document,success,
1249,20260522,ai_extraction_completed,AI processing,ai_run,success,
1250,20260522,document_uploaded,Document intake,document,success,
1251,20260522,ai_extraction_completed,AI processing,ai_run,success,
1252,20260522,human_review_submitted,Human review,case,,
1253,20260522,case_created,Case lifecycle,case,Awaiting information,
1254,20260523,document_uploaded,Document intake,document,success,
1255,20260523,ai_extraction_completed,AI processing,ai_run,success,
1256,20260523,duplicate_case_blocked,Duplicate prevention,case,,
1257,20260523,case_updated,Human review,case,,
1258,20260523,document_uploaded,Document intake,document,success,
1259,20260523,ai_extraction_completed,AI processing,ai_run,success,
1260,20260525,case_updated,Human review,case,,
1261,20260525,document_uploaded,Document intake,document,success,
1262,20260525,ai_extraction_completed,AI processing,ai_run,success,
1263,20260525,human_review_submitted,Human review,case,,
1264,20260525,case_created,Case lifecycle,case,Open,
1265,20260526,document_uploaded,Document intake,document,success,
1266,20260526,ai_extraction_completed,AI processing,ai_run,success,
1267,20260526,human_review_submitted,Human review,case,,
1268,20260526,case_created,Case lifecycle,case,Open,
1269,20260526,document_uploaded,Document intake,document,success,
1270,20260526,ai_extraction_completed,AI processing,ai_run,success,
1271,20260526,human_review_submitted,Human review,case,,
1272,20260526,case_created,Case lifecycle,case,Open,
1273,20260526,case_updated,Human review,case,,
1274,20260526,document_uploaded,Document intake,document,success,
1275,20260526,ai_extraction_completed,AI processing,ai_run,success,
1276,20260526,human_review_submitted,Human review,case,,
1277,20260526,case_created,Case lifecycle,case,Open,
1278,20260526,assistant_question,AI assistance,case,success,
1279,20260526,document_uploaded,Document intake,document,success,
1280,20260526,ai_extraction_completed,AI processing,ai_run,success,
1281,20260526,human_review_submitted,Human review,case,,
1282,20260526,case_created,Case lifecycle,case,Open,
1283,20260526,summary_generated,AI assistance,case,success,
1284,20260526,assistant_question,AI assistance,case,success,
1285,20260526,document_uploaded,Document intake,document,success,
1286,20260526,ai_extraction_completed,AI processing,ai_run,success,
1287,20260526,human_review_submitted,Human review,case,,
1288,20260526,case_created,Case lifecycle,case,Open,
1289,20260526,summary_generated,AI assistance,case,success,
1290,20260526,assistant_question,AI assistance,case,success,
1291,20260527,document_uploaded,Document intake,document,success,
1292,20260527,ai_extraction_completed,AI processing,ai_run,success,
1293,20260527,human_review_submitted,Human review,case,,
1294,20260527,case_created,Case lifecycle,case,Open,
1295,20260527,document_uploaded,Document intake,document,success,
1296,20260527,ai_extraction_completed,AI processing,ai_run,success,
1297,20260527,human_review_submitted,Human review,case,,
1298,20260527,case_created,Case lifecycle,case,Open,
1299,20260527,summary_generated,AI assistance,case,success,
1300,20260527,document_uploaded,Document intake,document,success,
1301,20260527,ai_extraction_completed,AI processing,ai_run,success,
1302,20260527,human_review_submitted,Human review,case,,
1303,20260527,case_created,Case lifecycle,case,Open,
1304,20260527,summary_generated,AI assistance,case,success,
1305,20260528,document_uploaded,Document intake,document,success,
1306,20260528,ai_extraction_completed,AI processing,ai_run,success,
1307,20260528,human_review_submitted,Human review,case,,
1308,20260528,case_created,Case lifecycle,case,Open,
1309,20260528,document_uploaded,Document intake,document,success,
1310,20260528,ai_extraction_completed,AI processing,ai_run,success,
1311,20260528,summary_generated,AI assistance,case,success,
1312,20260528,case_updated,Human review,case,,
1313,20260529,document_uploaded,Document intake,document,success,
1314,20260529,ai_extraction_completed,AI processing,ai_run,success,
1315,20260529,human_review_submitted,Human review,case,,
1316,20260529,case_created,Case lifecycle,case,Open,
1317,20260529,document_uploaded,Document intake,document,success,
1318,20260529,ai_extraction_completed,AI processing,ai_run,success,
1319,20260529,human_review_submitted,Human review,case,,
1320,20260529,case_created,Case lifecycle,case,Open,
1321,20260529,summary_generated,AI assistance,case,success,
1322,20260529,assistant_question,AI assistance,case,success,
1323,20260529,assistant_question,AI assistance,case,success,
1324,20260529,assistant_question,AI assistance,case,success,
1325,20260529,document_uploaded,Document intake,document,success,
1326,20260529,ai_extraction_completed,AI processing,ai_run,success,
1327,20260529,human_review_submitted,Human review,case,,
1328,20260529,case_created,Case lifecycle,case,Open,
1329,20260529,document_uploaded,Document intake,document,success,
1330,20260529,ai_extraction_completed,AI processing,ai_run,success,
1331,20260531,document_uploaded,Document intake,document,success,
1332,20260531,ai_extraction_completed,AI processing,ai_run,success,
1333,20260531,duplicate_case_blocked,Duplicate prevention,case,,
1334,20260601,document_uploaded,Document intake,document,success,
1335,20260601,provider_fallback_used,AI processing,ai_run,,
1336,20260601,ai_extraction_completed,AI processing,ai_run,success,
1337,20260601,human_review_submitted,Human review,case,,
1338,20260601,case_created,Case lifecycle,case,Open,
1339,20260601,summary_generated,AI assistance,case,success,
1340,20260601,document_uploaded,Document intake,document,success,
1341,20260601,ai_extraction_completed,AI processing,ai_run,success,
1342,20260601,human_review_submitted,Human review,case,,
1343,20260601,case_created,Case lifecycle,case,Open,
1344,20260601,document_uploaded,Document intake,document,success,
1345,20260601,ai_extraction_completed,AI processing,ai_run,success,
1346,20260601,human_review_submitted,Human review,case,,
1347,20260601,case_created,Case lifecycle,case,Open,
1348,20260602,document_uploaded,Document intake,document,success,
1349,20260602,ai_extraction_completed,AI processing,ai_run,success,
1350,20260602,human_review_submitted,Human review,case,,
1351,20260602,case_created,Case lifecycle,case,Awaiting information,
1352,20260602,document_uploaded,Document intake,document,success,
1353,20260602,ai_extraction_completed,AI processing,ai_run,success,
1354,20260602,human_review_submitted,Human review,case,,
1355,20260602,case_created,Case lifecycle,case,Awaiting information,
1356,20260602,case_updated,Human review,case,,
1357,20260602,summary_generated,AI assistance,case,success,
1358,20260602,document_uploaded,Document intake,document,success,
1359,20260602,ai_extraction_completed,AI processing,ai_run,success,
1360,20260602,human_review_submitted,Human review,case,,
1361,20260602,case_created,Case lifecycle,case,Open,
1362,20260602,summary_generated,AI assistance,case,success,
1363,20260603,document_uploaded,Document intake,document,success,
1364,20260603,provider_fallback_used,AI processing,ai_run,,
1365,20260603,ai_extraction_completed,AI processing,ai_run,success,
1366,20260603,duplicate_case_blocked,Duplicate prevention,case,,
1367,20260603,document_uploaded,Document intake,document,success,
1368,20260603,ai_extraction_completed,AI processing,ai_run,success,
1369,20260603,document_uploaded,Document intake,document,success,
1370,20260603,provider_fallback_used,AI processing,ai_run,,
1371,20260603,ai_extraction_completed,AI processing,ai_run,success,
1372,20260603,human_review_submitted,Human review,case,,
1373,20260603,case_created,Case lifecycle,case,Open,
1374,20260603,summary_generated,AI assistance,case,success,
1375,20260604,case_updated,Human review,case,,
1376,20260604,document_uploaded,Document intake,document,success,
1377,20260604,ai_extraction_completed,AI processing,ai_run,success,
1378,20260604,document_uploaded,Document intake,document,success,
1379,20260604,ai_extraction_completed,AI processing,ai_run,success,
1380,20260604,human_review_submitted,Human review,case,,
1381,20260604,case_created,Case lifecycle,case,Open,
1382,20260604,summary_generated,AI assistance,case,success,
1383,20260605,document_uploaded,Document intake,document,success,
1384,20260605,ai_extraction_completed,AI processing,ai_run,success,
1385,20260605,document_uploaded,Document intake,document,success,
1386,20260605,ai_extraction_completed,AI processing,ai_run,success,
1387,20260605,human_review_submitted,Human review,case,,
1388,20260605,case_created,Case lifecycle,case,Open,
1389,20260605,summary_generated,AI assistance,case,success,
1390,20260605,document_uploaded,Document intake,document,success,
1391,20260605,ai_extraction_completed,AI processing,ai_run,success,
1392,20260605,human_review_submitted,Human review,case,,
1393,20260605,case_created,Case lifecycle,case,Open,
1394,20260605,summary_generated,AI assistance,case,success,
1395,20260606,case_updated,Human review,case,,
1396,20260607,case_updated,Human review,case,,
1397,20260609,document_uploaded,Document intake,document,success,
1398,20260609,ai_extraction_completed,AI processing,ai_run,success,
1399,20260609,human_review_submitted,Human review,case,,
1400,20260609,case_created,Case lifecycle,case,Open,
1401,20260609,summary_generated,AI assistance,case,success,
1402,20260609,case_updated,Human review,case,,
1403,20260609,document_uploaded,Document intake,document,error,
1404,20260609,ai_extraction_failed,AI processing,ai_run,error,AI_UNAVAILABLE
1405,20260609,document_uploaded,Document intake,document,success,
1406,20260609,ai_extraction_completed,AI processing,ai_run,success,
1407,20260609,human_review_submitted,Human review,case,,
1408,20260609,case_created,Case lifecycle,case,Open,
1409,20260609,document_uploaded,Document intake,document,rejected,
1410,20260609,file_rejected,Input validation,document,rejected,UNSUPPORTED_FORMAT
1411,20260610,document_uploaded,Document intake,document,success,
1412,20260610,ai_extraction_completed,AI processing,ai_run,success,
1413,20260610,human_review_submitted,Human review,case,,
1414,20260610,case_created,Case lifecycle,case,Open,
1415,20260610,summary_generated,AI assistance,case,success,
1416,20260610,case_updated,Human review,case,,
1417,20260610,document_uploaded,Document intake,document,success,
1418,20260610,ai_extraction_completed,AI processing,ai_run,success,
1419,20260610,human_review_submitted,Human review,case,,
1420,20260610,case_created,Case lifecycle,case,Open,
1421,20260610,summary_generated,AI assistance,case,success,
1422,20260611,document_uploaded,Document intake,document,success,
1423,20260611,ai_extraction_completed,AI processing,ai_run,success,
1424,20260611,duplicate_case_blocked,Duplicate prevention,case,,
1425,20260611,document_uploaded,Document intake,document,success,
1426,20260611,ai_extraction_completed,AI processing,ai_run,success,
1427,20260611,human_review_submitted,Human review,case,,
1428,20260611,case_created,Case lifecycle,case,Open,
1429,20260611,document_uploaded,Document intake,document,success,
1430,20260611,ai_extraction_completed,AI processing,ai_run,success,
1431,20260611,human_review_submitted,Human review,case,,
1432,20260611,case_created,Case lifecycle,case,Open,
1433,20260611,assistant_question,AI assistance,case,success,
1434,20260611,summary_generated,AI assistance,case,success,
1435,20260611,document_uploaded,Document intake,document,success,
1436,20260611,ai_extraction_completed,AI processing,ai_run,success,
1437,20260611,human_review_submitted,Human review,case,,
1438,20260611,case_created,Case lifecycle,case,Open,
1439,20260611,document_uploaded,Document intake,document,success,
1440,20260611,ai_extraction_completed,AI processing,ai_run,success,
1441,20260611,document_uploaded,Document intake,document,success,
1442,20260611,ai_extraction_completed,AI processing,ai_run,success,
1443,20260611,human_review_submitted,Human review,case,,
1444,20260611,case_created,Case lifecycle,case,Open,
1445,20260611,document_uploaded,Document intake,document,success,
1446,20260611,ai_extraction_completed,AI processing,ai_run,success,
1447,20260611,human_review_submitted,Human review,case,,
1448,20260611,case_created,Case lifecycle,case,Open,
1449,20260611,assistant_question,AI assistance,case,success,
1450,20260611,summary_generated,AI assistance,case,success,
1451,20260611,document_uploaded,Document intake,document,success,
1452,20260611,ai_extraction_completed,AI processing,ai_run,success,
1453,20260611,assistant_question,AI assistance,case,success,
1454,20260612,case_updated,Human review,case,,
1455,20260614,case_updated,Human review,case,,
1456,20260615,document_uploaded,Document intake,document,success,
1457,20260615,ai_extraction_completed,AI processing,ai_run,success,
1458,20260615,human_review_submitted,Human review,case,,
1459,20260615,case_created,Case lifecycle,case,Open,
1460,20260615,summary_generated,AI assistance,case,success,
1461,20260615,assistant_question,AI assistance,case,success,
1462,20260615,assistant_question,AI assistance,case,success,
1463,20260615,document_uploaded,Document intake,document,success,
1464,20260615,ai_extraction_completed,AI processing,ai_run,success,
1465,20260615,human_review_submitted,Human review,case,,
1466,20260615,case_created,Case lifecycle,case,Open,
1467,20260615,document_uploaded,Document intake,document,success,
1468,20260615,ai_extraction_completed,AI processing,ai_run,success,
1469,20260615,human_review_submitted,Human review,case,,
1470,20260615,case_created,Case lifecycle,case,Open,
1471,20260615,summary_generated,AI assistance,case,success,
1472,20260615,case_updated,Human review,case,,
1473,20260615,document_uploaded,Document intake,document,success,
1474,20260615,ai_extraction_completed,AI processing,ai_run,success,
1475,20260615,document_uploaded,Document intake,document,success,
1476,20260615,ai_extraction_completed,AI processing,ai_run,success,
1477,20260616,case_updated,Human review,case,,
1478,20260616,case_updated,Human review,case,,
1479,20260616,document_uploaded,Document intake,document,success,
1480,20260616,ai_extraction_completed,AI processing,ai_run,success,
1481,20260616,human_review_submitted,Human review,case,,
1482,20260616,case_created,Case lifecycle,case,Open,
1483,20260616,document_uploaded,Document intake,document,success,
1484,20260616,ai_extraction_completed,AI processing,ai_run,success,
1485,20260616,summary_generated,AI assistance,case,success,
1486,20260617,document_uploaded,Document intake,document,success,
1487,20260617,ai_extraction_completed,AI processing,ai_run,success,
1488,20260617,human_review_submitted,Human review,case,,
1489,20260617,case_created,Case lifecycle,case,Open,
1490,20260617,document_uploaded,Document intake,document,success,
1491,20260617,ai_extraction_completed,AI processing,ai_run,success,
1492,20260617,human_review_submitted,Human review,case,,
1493,20260617,case_created,Case lifecycle,case,Open,
1494,20260618,document_uploaded,Document intake,document,success,
1495,20260618,provider_fallback_used,AI processing,ai_run,,
1496,20260618,ai_extraction_completed,AI processing,ai_run,success,
1497,20260618,human_review_submitted,Human review,case,,
1498,20260618,case_created,Case lifecycle,case,Open,
1499,20260618,document_uploaded,Document intake,document,success,
1500,20260618,ai_extraction_completed,AI processing,ai_run,success,
1501,20260618,human_review_submitted,Human review,case,,
1502,20260618,case_created,Case lifecycle,case,Open,
1503,20260618,summary_generated,AI assistance,case,success,
1504,20260619,case_updated,Human review,case,,
1505,20260619,document_uploaded,Document intake,document,success,
1506,20260619,ai_extraction_completed,AI processing,ai_run,success,
1507,20260619,human_review_submitted,Human review,case,,
1508,20260619,case_created,Case lifecycle,case,Open,
1509,20260619,case_updated,Human review,case,,
1510,20260619,document_uploaded,Document intake,document,success,
1511,20260619,ai_extraction_completed,AI processing,ai_run,success,
1512,20260619,human_review_submitted,Human review,case,,
1513,20260619,case_created,Case lifecycle,case,Open,
1514,20260620,document_uploaded,Document intake,document,success,
1515,20260620,ai_extraction_completed,AI processing,ai_run,success,
1516,20260620,case_updated,Human review,case,,
1517,20260622,document_uploaded,Document intake,document,success,
1518,20260622,ai_extraction_completed,AI processing,ai_run,success,
1519,20260622,human_review_submitted,Human review,case,,
1520,20260622,case_created,Case lifecycle,case,Open,
1521,20260622,case_updated,Human review,case,,
1522,20260622,document_uploaded,Document intake,document,success,
1523,20260622,ai_extraction_completed,AI processing,ai_run,success,
1524,20260622,human_review_submitted,Human review,case,,
1525,20260622,case_created,Case lifecycle,case,Open,
1526,20260622,case_updated,Human review,case,,
1527,20260622,document_uploaded,Document intake,document,rejected,
1528,20260622,file_rejected,Input validation,document,rejected,FILE_TOO_LARGE
1529,20260622,case_updated,Human review,case,,
1530,20260622,document_uploaded,Document intake,document,success,
1531,20260622,provider_fallback_used,AI processing,ai_run,,
1532,20260622,ai_extraction_completed,AI processing,ai_run,success,
1533,20260623,document_uploaded,Document intake,document,success,
1534,20260623,ai_extraction_completed,AI processing,ai_run,success,
1535,20260623,human_review_submitted,Human review,case,,
1536,20260623,case_created,Case lifecycle,case,Open,
1537,20260623,summary_generated,AI assistance,case,success,
1538,20260623,document_uploaded,Document intake,document,success,
1539,20260623,ai_extraction_completed,AI processing,ai_run,success,
1540,20260623,human_review_submitted,Human review,case,,
1541,20260623,case_created,Case lifecycle,case,Open,
1542,20260623,summary_generated,AI assistance,case,success,
1543,20260624,case_updated,Human review,case,,
1544,20260625,document_uploaded,Document intake,document,success,
1545,20260625,ai_extraction_completed,AI processing,ai_run,success,
1546,20260625,human_review_submitted,Human review,case,,
1547,20260625,case_created,Case lifecycle,case,Awaiting information,
1548,20260625,summary_generated,AI assistance,case,success,
1549,20260625,document_uploaded,Document intake,document,success,
1550,20260625,ai_extraction_completed,AI processing,ai_run,success,
1551,20260625,human_review_submitted,Human review,case,,
1552,20260625,case_created,Case lifecycle,case,Open,
1553,20260625,assistant_question,AI assistance,case,success,
1554,20260625,assistant_question,AI assistance,case,success,
1555,20260626,document_uploaded,Document intake,document,success,
1556,20260626,ai_extraction_completed,AI processing,ai_run,success,
1557,20260626,human_review_submitted,Human review,case,,
1558,20260626,case_created,Case lifecycle,case,Open,
1559,20260626,summary_generated,AI assistance,case,success,
1560,20260626,document_uploaded,Document intake,document,success,
1561,20260626,ai_extraction_completed,AI processing,ai_run,success,
1562,20260626,human_review_submitted,Human review,case,,
1563,20260626,case_created,Case lifecycle,case,Awaiting information,
1564,20260626,document_uploaded,Document intake,document,success,
1565,20260626,ai_extraction_completed,AI processing,ai_run,success,
1566,20260626,human_review_submitted,Human review,case,,
1567,20260626,case_created,Case lifecycle,case,Awaiting information,
1568,20260626,assistant_question,AI assistance,case,success,
1569,20260626,summary_generated,AI assistance,case,success,
1570,20260626,document_uploaded,Document intake,document,success,
1571,20260626,ai_extraction_completed,AI processing,ai_run,success,
1572,20260626,human_review_submitted,Human review,case,,
1573,20260626,case_created,Case lifecycle,case,Open,
1574,20260626,document_uploaded,Document intake,document,success,
1575,20260626,ai_extraction_completed,AI processing,ai_run,success,
1576,20260626,human_review_submitted,Human review,case,,
1577,20260626,case_created,Case lifecycle,case,Open,
1578,20260626,summary_generated,AI assistance,case,success,
1579,20260626,document_uploaded,Document intake,document,success,
1580,20260626,ai_extraction_completed,AI processing,ai_run,success,
1581,20260626,document_uploaded,Document intake,document,success,
1582,20260626,ai_extraction_completed,AI processing,ai_run,success,
1583,20260626,human_review_submitted,Human review,case,,
1584,20260626,case_created,Case lifecycle,case,Awaiting information,
1585,20260626,assistant_question,AI assistance,case,success,
1586,20260626,assistant_question,AI assistance,case,success,
1587,20260627,document_uploaded,Document intake,document,success,
1588,20260627,ai_extraction_completed,AI processing,ai_run,success,
1589,20260629,document_uploaded,Document intake,document,success,
1590,20260629,ai_extraction_completed,AI processing,ai_run,success,
1591,20260630,document_uploaded,Document intake,document,success,
1592,20260630,ai_extraction_completed,AI processing,ai_run,success,
1593,20260715,document_uploaded,Document intake,document,success,
1594,20260715,ai_extraction_completed,AI processing,ai_run,success,
1595,20260715,duplicate_case_blocked,Duplicate prevention,case,,
1596,20260212,test_run_completed,Testing,test_run,,
1597,20260216,test_run_completed,Testing,test_run,,
1598,20260309,test_run_completed,Testing,test_run,,
1599,20260330,test_run_completed,Testing,test_run,,
1600,20260414,test_run_completed,Testing,test_run,,
1601,20260420,test_run_completed,Testing,test_run,,
1602,20260512,test_run_completed,Testing,test_run,,
1603,20260626,test_run_completed,Testing,test_run,,
